id,ime,priimek,cena,let
1,Sile,Wortman,323,76
2,Paola,Whitty,659,159
3,Hamid,Ditty,276,757
4,Clio,Lush,687,692
5,Ferdie,Sher,135,554
6,Ulrica,Fowlestone,336,984
7,Clyve,Yerbury,885,182
8,Harv,Meak,647,634
9,Gerrilee,Duddy,211,182
10,Lenard,Rylstone,559,899
11,Brittani,Castellanos,591,4
12,Dolorita,Radage,272,390
13,Noah,Ayres,455,767
14,Bettye,Lafford,775,146
15,Priscella,Bostock,434,722
16,Vickie,Massen,611,926
17,Bert,Schimmang,519,767
18,Alvie,Neeves,373,401
19,Maxi,Grogor,299,611
20,Juli,Crust,532,773
21,Halsey,Skain,495,147
22,Norbie,Urquhart,511,252
23,Jordanna,Spiers,555,271
24,Joycelin,Driver,810,616
25,Cathee,Stainbridge,265,409
26,Francoise,Teodoro,574,999
27,Giraud,Wraxall,134,92
28,Harcourt,McTrustie,271,670
29,Lucilia,Di Gregorio,875,929
30,Aimee,Alwood,106,416
31,Whit,Lambourne,845,223
32,Candi,Kybbye,720,674
33,Chilton,Bown,773,879
34,Fanya,Jenteau,190,539
35,Izaak,Godspeede,498,829
36,Joe,Davage,170,728
37,Wini,Lockhead,537,450
38,Wilbur,Allen,934,247
39,Cyril,Castelot,628,80
40,Maighdiln,Talman,197,788
41,Leo,Spiers,465,695
42,Stanislaus,Spridgen,573,700
43,Etti,Redwing,409,580
44,Ardelia,Jumont,299,420
45,Hal,Hebdon,490,505
46,Dickie,Kennealy,372,390
47,Willy,Wingatt,703,961
48,Alicia,Shakesby,368,241
49,Aretha,Hacksby,909,548
50,Lauralee,Gaukrodge,857,50
51,Valentia,Preskett,468,475
52,Melisande,Killerby,475,764
53,Jermaine,Mee,231,108
54,Miran,Haddeston,292,945
55,Anthiathia,Goward,712,456
56,Michelina,Frediani,808,769
57,Corenda,Lilloe,905,92
58,Morry,Baptist,874,732
59,Caril,Casoni,578,598
60,Moses,Uff,861,379
61,Sergei,Clemot,916,574
62,Audi,Glidder,728,329
63,Alfredo,Alexandrescu,798,32
64,Irene,Cinelli,931,969
65,Tamarah,Alpe,857,611
66,Luciana,Tamas,476,950
67,Carolynn,Gregor,496,500
68,Etheline,Jans,591,899
69,Fifi,Tilbrook,143,491
70,Henry,Ottawell,214,257
71,Lyndsey,Winspurr,837,205
72,Chloette,Halvorsen,157,72
73,Jinny,Brookton,886,65
74,Bevin,Corpe,146,858
75,Wayland,Feckey,486,39
76,Arleyne,Clemmens,175,223
77,Riobard,Mc Caghan,953,613
78,Cello,Dmitrievski,353,59
79,Freddy,Runham,762,505
80,Marilin,Josephsen,508,739
81,Darcy,Domino,868,961
82,Virgie,Nicely,796,824
83,Genni,Oates,690,625
84,Cara,Kampshell,391,785
85,Tandy,Simmank,665,449
86,Blair,Delamere,288,679
87,Julie,Genny,847,607
88,Barbabra,Liddy,621,761
89,Galven,Channing,493,32
90,Cecilio,Darnbrook,161,96
91,Leontine,Caffin,732,813
92,Jessie,Bruinemann,410,937
93,Brenda,Spriggin,233,364
94,Aloysius,Tremblot,973,449
95,Diannne,Catchpole,884,742
96,Sherlocke,Povah,488,531
97,Lark,Fazzioli,933,475
98,Cully,Esland,933,279
99,Kissie,Soot,633,761
100,Carina,Castellucci,311,177
101,Trescha,Morilla,731,580
102,Trev,Kennard,948,517
103,Gery,Ianinotti,185,651
104,Bobbie,Redit,175,622
105,Julian,Mirfield,731,92
106,Welch,Verduin,910,908
107,Kelsi,Jan,355,460
108,Anatollo,Slogrove,970,92
109,Theresita,Burnes,889,933
110,Sutherland,Broy,642,695
111,Clevey,Fayer,369,508
112,Marice,Turvie,476,793
113,Willie,Breydin,654,579
114,Roldan,Vinter,921,828
115,Amalea,Brownrigg,477,1
116,Ranique,Leddy,737,631
117,Israel,Ortells,491,2
118,Layney,Bosse,641,135
119,Danella,Benzing,905,915
120,Garvin,Hazley,714,689
121,Elinor,Western,177,638
122,Carr,Gilhooly,811,4
123,Wheeler,Billam,687,459
124,Holt,Temlett,238,328
125,Nonnah,Dashkovich,286,899
126,Hasheem,Champken,157,218
127,Salem,Gerardot,627,674
128,Farleigh,Charter,160,404
129,Gaspar,Blain,806,10
130,Stesha,Melwall,723,48
131,Kaleena,Stallon,860,433
132,Nick,Josofovitz,995,459
133,Ronica,Lownes,576,552
134,Penelopa,Greatbatch,435,332
135,Vinni,Gimblet,887,568
136,Arabela,Clutten,986,578
137,Jayme,Hughes,788,814
138,Sabina,Nassi,795,351
139,Alfie,Shatliffe,591,981
140,Sibel,Sheryne,828,889
141,Collin,Winterburn,974,793
142,Levin,Beentjes,555,496
143,Jasen,Monini,939,195
144,Elfrieda,Millichap,109,586
145,Stu,Braitling,835,911
146,Elwood,Clausner,172,473
147,Fons,Lehrmann,487,64
148,Porty,Ashcroft,153,910
149,Morena,Radmer,658,951
150,Rorie,Fearneley,220,171
151,Carita,Hamilton,398,123
152,Reece,Dehmel,134,707
153,Jemimah,Hosier,794,647
154,Kelcy,Combe,729,512
155,Betsey,Girkin,292,271
156,Darla,Guerre,815,276
157,Wendall,Harman,246,902
158,Tallia,Mixon,413,979
159,Wilbert,Lafayette,314,628
160,Amalea,Coldridge,633,19
161,Adriaens,Pocknoll,972,479
162,Salvidor,Walsham,528,579
163,Riva,Swindell,562,547
164,Nadean,Theodoris,707,907
165,Pier,Coltan,641,213
166,Paddie,Carleton,914,51
167,Louisa,Yosselevitch,961,863
168,Theda,Dissman,776,92
169,Dell,Boase,643,312
170,Moishe,Lotwich,937,419
171,Stephi,Twinbourne,901,689
172,Giovanni,Haythornthwaite,340,225
173,Elyse,Prendeville,324,459
174,Ham,Grzegorek,273,590
175,Roderick,Karpov,175,937
176,Dillie,Jenner,659,961
177,Nicol,Mathivon,906,817
178,Tedman,Redfern,738,789
179,Lorrie,Thames,794,951
180,Marybeth,Thormwell,445,746
181,Hilde,Mullinger,742,867
182,Meridith,Summerson,250,375
183,Giovanna,Logue,436,392
184,Mallorie,Hestrop,632,474
185,Gwenora,Stansall,535,575
186,Josias,Noddle,202,860
187,Kathleen,Pudner,108,784
188,Estelle,Dearell,276,57
189,Jacklyn,Tolworth,714,974
190,Nancy,Munnery,109,671
191,Gerry,Gotch,696,2
192,Yovonnda,Zimmer,977,632
193,Louise,Brummell,684,327
194,Howie,Ostick,586,28
195,Dianemarie,Birchall,850,536
196,Albertine,Scrimshire,336,64
197,Leilah,Hutchins,708,675
198,Rockwell,Garza,995,692
199,Robbert,Agglio,437,333
200,Silvain,Alleyne,239,963
201,Franciskus,Cianni,133,629
202,Elie,Langsbury,296,218
203,Kaylil,Kitney,152,626
204,Manon,Cuttle,688,798
205,Jesselyn,Jakubovsky,240,981
206,Jermaine,Ranson,193,888
207,Elysha,Imlach,440,586
208,Marna,Hawkett,730,165
209,Englebert,Grimoldby,832,427
210,Harriot,Wolfindale,270,971
211,Willis,Bambery,651,849
212,Anna-maria,Boscher,823,134
213,Freida,Blanch,501,251
214,Gabrila,Sallows,102,169
215,Sybila,Dogerty,619,4
216,Jacinda,Wayman,960,519
217,Gratia,Partridge,928,260
218,Jaymie,Foyston,319,814
219,Tam,Hainning,543,589
220,Jocko,Saich,160,340
221,May,Pollicatt,445,126
222,Hewe,Pietruszka,770,958
223,Angelika,McTrustam,200,287
224,Arni,Suffield,314,695
225,Lotte,Loughman,762,319
226,Orren,Clendennen,353,506
227,Jemima,Davion,404,753
228,Natale,Maruszewski,873,464
229,Nikos,Gadie,202,909
230,Lesley,Gregorio,382,278
231,Quintana,Milthorpe,485,554
232,Celisse,Dornin,409,621
233,Lorin,Vitet,332,620
234,Kiri,Cleatherow,829,910
235,Gaston,Wildt,609,419
236,Ibrahim,Twell,408,494
237,Shirline,Oblein,275,578
238,Mervin,Sheard,757,961
239,Luce,Preene,656,678
240,Deane,Tuffey,183,793
241,Alisa,Laker,266,380
242,Netta,MacKinnon,922,65
243,Alic,Marmon,481,313
244,Alidia,Tipton,864,404
245,Bell,Casarini,322,453
246,Chen,Ohrt,758,572
247,Gilbertina,Cullinan,832,787
248,Sky,Furmonger,106,404
249,Loraine,O' Cloney,878,509
250,Hagan,Phillcock,311,910
251,Maurie,June,629,965
252,Kelley,Rubee,184,921
253,Toddie,Thorington,523,874
254,Helaine,Willey,487,115
255,Koo,Whitmore,631,970
256,Karol,Forsythe,618,47
257,Kayla,Philipeau,313,799
258,Octavius,Lovelady,751,20
259,Faun,Episcopio,180,650
260,Shena,Realph,396,117
261,Cory,Wasteney,329,12
262,Clarance,Vero,217,885
263,Shellysheldon,Cappineer,440,562
264,Amabelle,Kilvington,760,523
265,Sashenka,Roots,950,247
266,Thomasin,Espinay,924,180
267,Arlena,Nicely,139,727
268,Trude,Faltin,260,317
269,Austin,Vogele,188,172
270,Chelsae,Luckhurst,531,185
271,Cherri,Stoffels,576,609
272,Berti,Bezarra,502,984
273,Ruby,Pulster,261,170
274,Jillian,Frankling,375,464
275,Carolee,Paolone,154,638
276,Vic,Thorsby,513,524
277,Melonie,Cupper,871,74
278,Bartholemy,Clowsley,375,971
279,Darrell,Setch,143,817
280,Jeannie,Putnam,365,54
281,Bud,Trass,724,534
282,Modesta,Standage,350,377
283,Shane,Gritskov,598,19
284,Katya,Gerish,574,837
285,Georgetta,Dumingos,389,470
286,Lesya,Lettley,626,945
287,Vinita,Faircliff,532,4
288,Isaac,Bickerstasse,499,777
289,Felicle,Woolham,459,508
290,Kacy,Strahan,208,201
291,Darleen,Chaim,185,961
292,Roobbie,Pepye,951,649
293,Gracie,Laban,129,533
294,Maury,Brandle,341,508
295,Nevile,Bloxsome,510,92
296,Norrie,Vasechkin,716,919
297,Maribel,Battle,536,651
298,Garvin,Lodin,411,932
299,Gaven,Fosberry,414,613
300,Mervin,Stiegars,986,863
301,Didi,Drummer,547,449
302,Josee,Tonsley,329,584
303,Obediah,Raiman,676,286
304,Karolina,Klassmann,394,979
305,Rorie,Lechmere,495,482
306,Erda,Flanders,677,5
307,Verne,Gowanlock,874,248
308,Nehemiah,Cheeney,670,241
309,Caren,Agg,623,669
310,Homerus,Billsberry,324,909
311,Cesaro,Conquest,967,180
312,Herc,Chimenti,751,510
313,Lynett,Abercrombie,423,391
314,Judi,Pryce,614,229
315,Imogene,Thackwray,501,611
316,Milli,Lipscomb,877,867
317,Selina,Stearn,426,623
318,Jan,Schurcke,570,781
319,Melisse,Leeke,125,384
320,Debera,Whittier,516,945
321,Bella,Rochford,150,651
322,Germain,Kilgrove,352,757
323,Yoko,McPake,205,32
324,Robby,Akast,433,611
325,Ulberto,Wightman,967,129
326,Chere,Stille,466,418
327,Audry,Manueau,852,591
328,Grete,Bedingfield,379,550
329,Birgit,Codlin,224,116
330,Carolina,Ashley,940,308
331,Grantham,Degnen,178,553
332,Alisa,Richford,756,72
333,Percy,Lucken,228,531
334,Evania,Paulusch,186,968
335,Rori,McHale,843,67
336,Mag,Touret,643,182
337,Noel,Broomer,358,651
338,Newton,Winslett,880,419
339,Yulma,Lapley,293,910
340,Shelly,Truter,828,72
341,Boone,Fearon,519,728
342,Manolo,Garrie,724,387
343,Constantin,Cod,771,427
344,Vivyan,Akester,698,909
345,Hobie,Jantel,719,634
346,Hestia,Papis,515,92
347,Dalton,Rowthorne,503,93
348,Pancho,Gregson,959,214
349,Barbe,Isaacson,308,101
350,Kirbie,Alu,852,675
351,Gun,Downing,673,157
352,Rochette,Thomesson,268,599
353,Ebba,Retchless,154,905
354,Rudiger,Rojahn,900,609
355,Randie,Farmiloe,641,793
356,Cacilie,Flucks,202,532
357,Merilee,Paschke,326,108
358,Perla,Packer,727,995
359,Lise,Wildman,997,214
360,Kalinda,O'Monahan,572,493
361,Dionis,Westmorland,421,72
362,Henriette,Garrison,198,911
363,Patrick,Fleg,353,636
364,Bethany,Leving,940,417
365,Coletta,McAlroy,758,723
366,Christian,Martensen,751,710
367,Jeno,Snelson,581,241
368,Kristofer,Jeandin,210,651
369,Benedikta,Childes,444,911
370,Liane,Drinkale,905,669
371,Adorne,Ceschini,390,374
372,Holden,Larcier,129,689
373,Ruy,Coursor,951,499
374,Talbot,Cardenoza,855,189
375,Nari,Python,459,533
376,Concordia,Luscombe,244,53
377,Joscelin,de Broke,522,445
378,Zena,Treher,325,798
379,Symon,Syred,495,907
380,Kelsey,Woollam,365,216
381,Port,Stutard,898,742
382,Pamela,Leander,188,576
383,Pavia,Bonifazio,824,30
384,Bell,Bastow,290,491
385,Tatum,Drewell,110,428
386,Wesley,Cutford,280,220
387,Cristy,Lindsell,600,716
388,Cassandry,Costelow,649,968
389,Tony,Corinton,400,668
390,Ring,Darrington,460,201
391,Margalo,Narup,551,114
392,Bil,Bessell,922,719
393,Wilhelmina,Cordy,829,729
394,Geoffrey,Macon,651,837
395,Timmy,Crown,936,707
396,Althea,Cox,235,53
397,Vita,Letty,787,808
398,Inigo,Treneer,590,638
399,Dena,Dumingos,606,532
400,Jasen,Asee,135,60
401,Mariel,Cundict,601,839
402,Lee,Merwood,983,793
403,Raychel,Tithacott,167,679
404,Dario,Turnor,224,590
405,Emma,Swann,658,945
406,Vin,MacNelly,642,632
407,Halimeda,Perett,842,223
408,Vi,Pottinger,850,179
409,Maddy,Beldam,623,285
410,Ewan,Branton,460,179
411,Catherine,Easey,857,937
412,Bentlee,Stanes,581,774
413,Gil,Kebbell,554,651
414,Ethe,Cordoba,411,651
415,Carrol,Carverhill,566,680
416,Marge,Santon,735,943
417,Morgen,Sotham,847,707
418,Ephrayim,Lavigne,425,658
419,Rani,Olsen,166,333
420,Sergei,Geraldi,683,958
421,Abagael,Lossman,929,743
422,Yvette,Jeanon,462,5
423,Skip,Pietrzyk,956,579
424,Brit,Kealy,686,890
425,Gail,Shasnan,968,792
426,Dee,Beedle,502,748
427,Cash,Mowett,140,140
428,Lilith,Nicholas,573,72
429,Morganica,McKinlay,853,377
430,Kerstin,Quinnelly,224,639
431,Jerrine,Mott,137,524
432,Cymbre,Boyington,128,108
433,Adelice,Antoniewicz,574,850
434,Haydon,Duligall,149,753
435,Yasmin,Hendriks,345,396
436,Minda,Stollmeier,968,224
437,Aurora,Rops,572,722
438,Blake,Brickwood,533,551
439,Cornela,Lisamore,158,2
440,Hillery,Wayte,192,417
441,Shandy,Vernay,768,107
442,Alfredo,Kyles,758,355
443,Angelika,Crowcombe,890,409
444,Zora,Adnet,272,911
445,Xaviera,Winton,359,910
446,Bridget,Travers,946,312
447,Berti,Langstaff,625,674
448,Stavro,Yesichev,388,449
449,Tris,Karpf,440,546
450,Cass,Sherbrooke,467,858
451,Rik,Henken,858,531
452,Bridgette,Loadsman,179,669
453,Hilary,Alabone,454,379
454,Sonny,Goley,136,92
455,Guenna,Chetwynd,564,128
456,Zedekiah,Clinton,873,778
457,Kalie,Klaggeman,440,238
458,Camella,Spirritt,795,961
459,Hunfredo,Veneur,921,260
460,Joly,Oakey,683,580
461,Nicholas,Izard,983,465
462,Trudy,Noblett,477,132
463,Benji,Nasi,477,252
464,Barty,Deetlof,630,955
465,Rosalind,Meadows,754,582
466,Jeff,Jillions,158,57
467,Othelia,McKinna,850,155
468,Frasco,Hars,344,773
469,Anthe,Pierse,836,53
470,Koren,Kitchen,773,351
471,Orel,Tunmore,948,639
472,Consuelo,Mattke,198,728
473,Gussy,Gatehouse,336,708
474,Vladamir,Barczynski,895,794
475,Fiorenze,France,216,639
476,Mariejeanne,Roux,222,328
477,Lenee,Haggett,321,949
478,Sylvan,Maiklem,602,849
479,Nicolina,Hulmes,431,394
480,Karlens,Loyns,678,959
481,Vannie,Seekings,804,216
482,Sharity,McDuall,180,787
483,Wanids,Swalwel,949,732
484,Mac,Pervoe,652,640
485,Deb,Pagen,436,695
486,Rana,Mucillo,237,494
487,Solly,Edwicke,536,899
488,My,Raithmill,432,742
489,Mamie,Phlipon,782,849
490,Toni,Vasyutkin,692,565
491,Cosette,Robard,996,716
492,Ravid,Odby,284,473
493,Jaynell,Kornousek,977,5
494,Luz,Jerzyk,508,543
495,Vincenty,Minker,307,40
496,Tiler,Karolewski,585,814
497,Dodi,Gustus,755,357
498,Malory,Cattellion,639,324
499,Sephira,Grewcock,985,51
500,Gardner,Robotham,114,550
501,Waverley,Salmon,879,999
502,Lyssa,Fritschel,814,735
503,Beauregard,Tydeman,723,339
504,Sibyl,Gotling,281,602
505,Billie,Ledram,654,992
506,Leroy,Blagden,713,808
507,Antonietta,Thresher,961,755
508,Leigh,Broadberry,528,666
509,Krishna,Coughlan,768,257
510,Karylin,Kuschek,528,674
511,Rubie,Filipczak,904,763
512,Mame,Robet,505,20
513,Ulrick,Breddy,142,261
514,Brit,Jeggo,118,968
515,Stephannie,Wardrope,768,695
516,Fergus,Allonby,600,110
517,Rodrique,Bourdel,671,991
518,Uriel,Garford,914,67
519,Saunder,Bichard,488,78
520,Spence,Luety,781,637
521,Robinette,Roseby,577,337
522,Phedra,Stirrip,914,220
523,Urbano,Aitkenhead,176,278
524,Hasheem,Greedier,212,991
525,Ainsley,Danielsen,121,505
526,Brice,Aisthorpe,981,50
527,Ruthann,Pettecrew,980,984
528,Wrennie,Wheelhouse,753,416
529,Goldi,Beckingham,522,798
530,Neron,Stothart,187,185
531,Emlyn,O'Loinn,758,225
532,Charil,Skowcraft,118,338
533,Taryn,Horder,343,36
534,Elvina,Echalie,500,279
535,Maisie,Aland,550,73
536,Joshua,Locard,242,571
537,Pippo,Dunsmore,320,282
538,Grace,Ketteringham,339,36
539,Cornall,Minihane,338,982
540,Kassia,Beetles,810,459
541,Karney,Huccaby,860,460
542,Leann,Marcinkus,156,88
543,Alina,Weatherill,913,505
544,Preston,Mounch,188,404
545,Izak,Kilford,537,968
546,Page,Stoffel,160,575
547,Rubia,Gogin,809,128
548,Venita,Nibley,814,613
549,Brendan,Mattioni,722,377
550,Tim,Cox,101,205
551,Eddie,Feeham,645,456
552,Belicia,Robardey,818,159
553,Danna,Sarch,901,910
554,Torrey,Gerge,194,221
555,Nat,Reis,237,689
556,King,Owens,511,144
557,Avril,Santer,489,217
558,Dallas,Cathesyed,834,947
559,Evangelin,Vassie,194,180
560,Hi,Manvell,768,416
561,Modesty,Inott,479,494
562,Rhodie,Ledger,460,468
563,Sarah,McLese,566,81
564,Yasmin,Tilling,977,523
565,Luz,Nossent,299,129
566,Saunder,Adaway,404,241
567,Bronnie,Edelheit,606,742
568,Bancroft,Rego,786,456
569,Celina,How to preserve,146,19
570,Stesha,Schoular,417,727
571,Anneliese,Seymer,903,713
572,Sutherland,Galliford,606,110
573,Klara,Talby,518,97
574,Tedman,Corsar,462,708
575,Rab,Carlett,872,427
576,Darius,Robottham,635,761
577,Harry,Powdrill,673,761
578,Aeriela,Lemar,940,74
579,Margaux,Huston,569,456
580,Constantin,Bradburn,678,305
581,Yancy,Whines,680,53
582,Jae,Maddigan,141,427
583,Moss,Cardis,113,999
584,Daveen,Menauteau,292,642
585,Leighton,Bartlomiejczyk,161,387
586,Terrie,Golborne,769,175
587,Adan,MacFaell,104,788
588,Orbadiah,Naylor,771,374
589,Laurens,Frazier,343,496
590,Jackson,Stook,404,796
591,Yard,Aspital,582,1
592,Bertina,Shutt,915,569
593,Matt,Riglar,289,248
594,Maddy,Gurr,684,744
595,Shayne,Knapman,850,60
596,Bowie,Gomm,654,370
597,Catie,Gwilt,402,874
598,Benjy,Tant,962,72
599,Darsie,O'Cuddie,850,787
600,Rasla,Jenkyn,548,97
601,Millisent,Shooter,728,241
602,Gardie,Thornebarrow,358,19
603,Ameline,Bissell,296,770
604,Yul,Shoosmith,605,905
605,Ambur,Flett,443,947
606,Corina,Pescod,845,116
607,Sherwin,Spira,758,44
608,Elnora,Mc Meekan,537,351
609,Horst,Headan,742,475
610,Horacio,Lapidus,813,4
611,Marya,Beamiss,940,965
612,Dannie,Conquer,553,241
613,Corbie,Durtnell,355,419
614,Leonerd,Mulliss,899,743
615,Zeke,Sheerman,972,464
616,Rene,Gerardi,951,870
617,Nettie,Fewings,183,4
618,Hervey,Iacovuzzi,916,96
619,Albina,Wickersham,511,281
620,Filmore,Trye,507,770
621,Darren,Armiger,633,675
622,Ives,Berth,223,279
623,Inger,Fero,547,768
624,Alric,Grinikhin,604,616
625,Emylee,Kinnier,660,519
626,Dunc,Le Gassick,894,4
627,Tuck,Casel,827,890
628,Hestia,de Banke,659,392
629,Baudoin,Moult,700,835
630,Daryle,Ornelas,646,863
631,Darby,Quinby,455,959
632,Virginie,Leall,395,351
633,Marinna,Carmen,992,930
634,Sidnee,Morat,865,968
635,Royal,Bache,281,729
636,Agnese,Leimster,727,911
637,Collin,Crotch,724,384
638,Babbette,Peaple,723,707
639,Witty,Lysons,115,808
640,Cherice,Wipfler,114,650
641,Araldo,Gathercole,466,175
642,Adelice,Congram,451,396
643,Ethe,Yakubov,145,551
644,Urbanus,Copas,986,86
645,Stevie,Everington,870,87
646,Denver,Lambird,644,97
647,Eve,Ethridge,893,367
648,Rosemaria,Quibell,619,693
649,Janenna,Ridge,575,539
650,Yale,Pauer,795,73
651,Danya,Borthram,110,425
652,Lulu,Drife,228,707
653,Mason,Roswarn,304,330
654,Hagen,Ringsell,396,459
655,Osbourne,Backshaw,205,800
656,Klara,Stitch,711,362
657,Kelli,Kennerley,174,527
658,Gladys,Khadir,714,375
659,Francis,Yesipov,420,53
660,Merrick,Kitcatt,551,547
661,Candice,Tryme,512,835
662,Clementina,Antwis,540,32
663,Charlot,Robilliard,469,699
664,Hanson,Scholl,533,767
665,Bess,Burt,908,191
666,Tammara,Tuxwell,628,53
667,Marylin,Grice,728,695
668,Fran,MacDermot,957,723
669,Anselm,Thornbarrow,869,632
670,Jo ann,Torres,568,887
671,Melinda,Kose,427,305
672,Renaud,Brownsey,212,228
673,Babs,Coutthart,427,110
674,Alex,Bollini,915,900
675,Mellisa,Pippard,946,430
676,Ulberto,Tiley,348,579
677,Cyb,Broadey,212,339
678,Pammie,Andrasch,468,97
679,Jarred,Fludder,767,519
680,Ronald,Schollick,820,19
681,Issiah,Tomashov,183,340
682,Easter,Petken,691,179
683,Huntlee,Ashley,244,828
684,Sena,Wakes,220,947
685,Rowena,Gludor,915,217
686,Lyndsey,Spatarul,219,360
687,Kala,Gibson,946,543
688,Laureen,Wellbeloved,204,800
689,Jessie,Schuck,424,241
690,Patric,Toolan,768,126
691,Roberto,Goodey,574,427
692,Torrey,Downse,777,651
693,Caressa,McCrisken,951,19
694,Zeke,Dionis,333,218
695,Norbert,Scrooby,836,74
696,Hilary,Duffitt,174,307
697,Adeline,Gilfoyle,859,387
698,Jolie,Northedge,963,839
699,Pierce,Amner,574,744
700,Donovan,Lancashire,254,18
701,Lindie,Cossar,791,910
702,Gayle,Gloster,279,874
703,Heidi,Greiswood,295,593
704,Starlin,Bonde,875,366
705,Rayner,Marling,941,626
706,Darlleen,Daniele,759,114
707,Tommy,Deek,301,973
708,Bernadene,Partington,581,418
709,Ania,Stellman,458,351
710,Madeline,Nuemann,799,104
711,Tani,Cotte,408,213
712,Morgen,Gurge,448,13
713,Kally,Philippe,263,123
714,Morgana,Gorges,375,949
715,Lorelle,Jacobowitz,601,93
716,Tandi,Potapczuk,536,657
717,Nehemiah,Springett,190,879
718,Ody,Primak,968,651
719,Agna,Scullin,920,792
720,Harley,Isley,705,932
721,Waldemar,Mattisssen,996,866
722,Guthrey,Chmiel,243,409
723,Cookie,Mattiato,644,963
724,Stephenie,Loreit,317,807
725,Edithe,Bilovus,756,377
726,Daven,Berens,777,308
727,Carey,Rait,985,973
728,Karalee,Thirtle,960,496
729,Shepard,Lawrenceson,801,565
730,Loren,Bartunek,372,890
731,Harlie,Sherry,457,546
732,Bonni,Elener,454,626
733,Magdalene,Rome,505,489
734,Sabine,Curr,141,803
735,Bobinette,Varvara,108,707
736,Isobel,Farnell,253,195
737,Robenia,Readman,975,224
738,Clayton,Schimann,373,529
739,Jervis,Gover,388,38
740,Ginny,Cudiff,434,213
741,Arabela,Ethridge,191,65
742,Caye,Cockland,850,370
743,Zane,Kiera,249,74
744,Filippo,Mackett,812,768
745,Betteanne,Vann,205,895
746,Gerik,Dunnet,177,281
747,Marcelline,Skeen,791,383
748,Tanitansy,Janaud,485,553
749,Madelene,Andrivel,331,829
750,Kamillah,Torrance,925,849
751,Katrine,Hales,269,380
752,David,Renn,571,740
753,Charlot,Verden,599,951
754,Murial,Celez,344,453
755,Gerard,Wiseman,227,761
756,Murielle,Toffano,795,533
757,Camel,Cruise,368,319
758,Maurise,Kildale,404,831
759,Libbey,Shelly,243,599
760,Kin,Rodson,742,879
761,Wernher,Ubee,415,963
762,Osbert,Jaggs,814,409
763,Sonny,Swinerd,440,50
764,Dusty,Clapperton,530,92
765,Ancell,Kinchley,242,191
766,Trudi,Stonehouse,112,50
767,Oberon,Borges,872,536
768,Sharron,Ciubutaro,951,383
769,Alexandros,Leathers,817,318
770,Lusa,Avrahamof,125,895
771,Hannah,Kave,912,675
772,Sim,Simonel,434,195
773,Quintin,Jentges,314,238
774,Thain,Pettican,174,774
775,Wilhelmine,Tosh,668,326
776,Kristofor,Dowd,445,768
777,Dorine,McAw,208,761
778,Oneida,Raisbeck,335,864
779,Jaymee,Holligan,852,30
780,Koral,Pinhorn,273,529
781,Nert,Stuckey,843,469
782,Teresina,McAuliffe,554,923
783,Knox,McGarvie,992,713
784,Hayden,Bertelet,414,218
785,Humfrey,Francisco,929,427
786,Tedman,Bertram,658,205
787,Rasla,Rait,466,582
788,Myrwyn,Albarez,728,669
789,Vita,Derl,697,412
790,Miles,Pudden,921,927
791,Norah,Georgel,461,677
792,Dorri,Chillcot,952,713
793,Dare,Undrell,100,787
794,Carolyn,Insoll,821,296
795,Roselle,Peal,776,589
796,Felice,Huthart,279,611
797,Farlee,Upson,700,271
798,Johnna,Dewett,284,467
799,Frances,Poad,667,64
800,Ransell,Macrae,102,689
801,Abbey,Boyce,552,669
802,Kylie,Goodger,881,384
803,Kelby,Kemish,902,978
804,Roberto,Mc Caughan,245,956
805,Shandeigh,MacCurtain,929,82
806,Courtnay,Prantl,925,777
807,Barnie,Sowrey,948,936
808,Brita,MacVicar,318,279
809,Matthias,Cremen,363,916
810,Boycey,Bath,287,742
811,Nickie,Tunney,365,761
812,Cirilo,Bondar,396,159
813,Dom,Beatson,292,546
814,Nada,Potteridge,510,973
815,Kendricks,Joron,498,866
816,Maria,Emlyn,158,543
817,Gabriellia,Turneux,414,689
818,Korie,Paoletti,497,489
819,Crista,Redsull,163,459
820,Matthias,Worthy,693,115
821,Morgan,Baroch,219,893
822,Alexis,Medforth,107,19
823,Brody,Blankett,722,262
824,Amie,Blaxall,153,837
825,Kattie,Sibray,637,898
826,Pepita,Revill,503,296
827,Errick,Entwistle,709,172
828,Rem,Rasch,346,92
829,Ninetta,Bellows,453,505
830,Audre,Duffus,669,51
831,Langsdon,Jacombs,813,889
832,Frants,Nolda,716,907
833,Elane,Haller,677,899
834,Tilda,Wash,304,947
835,Florenza,Neill,331,36
836,Serena,Kegley,177,159
837,Eadith,Peers,959,367
838,Debbi,Goodere,714,554
839,Forest,Duckworth,971,180
840,Kimmi,Audsley,915,468
841,Colby,Caistor,592,898
842,Modesta,Barrable,903,90
843,Conrade,Caughey,220,866
844,Camel,Baldocci,755,456
845,Stephana,Shah,860,128
846,Amii,Van der Spohr,182,218
847,Laurella,Badrock,891,817
848,Allix,Dillingstone,702,188
849,Wes,Pawfoot,603,929
850,Gavrielle,Maundrell,130,339
851,Janel,Cristol,907,930
852,Ethelyn,O'Gorman,632,157
853,Cameron,Dalgety,389,626
854,Nonnah,Phear,113,692
855,Mariellen,Pyson,358,593
856,Blancha,Brand,834,800
857,Orazio,Hannent,190,803
858,Brandea,Flannery,999,494
859,Paulo,Lipscombe,596,921
860,Bobby,Treacy,624,803
861,Alice,Gronou,796,788
862,Orelia,Ponton,306,973
863,Enoch,Ketch,303,788
864,Merry,Miller,212,182
865,Phillipe,Bingley,503,621
866,Karlis,Kingdon,503,330
867,Barbe,Kinnier,352,550
868,Murielle,Binton,152,744
869,Johnathon,Ballay,251,169
870,Tedi,Bourtoumieux,141,854
871,Arthur,Tilling,707,295
872,Sallee,Trassler,124,295
873,Alvina,Abelov,403,505
874,Erminia,Rafferty,453,207
875,Theressa,Janway,288,220
876,Nil,Jacobsz,501,5
877,Bjorn,Springle,388,586
878,Ashien,Thoma,362,591
879,Jere,Yule,737,930
880,Katerina,Claffey,792,493
881,Abie,McKelloch,384,553
882,Meggi,Escolme,526,217
883,Trevor,Striker,210,170
884,Bevin,Hancock,881,307
885,Michael,Laughlan,298,634
886,Hayes,Latch,196,674
887,Liuka,Odde,742,315
888,Rustin,Beneix,875,315
889,Rhona,Pavlov,228,29
890,Ulrica,Gotthard.sf,506,431
891,Esta,Puxley,354,637
892,Damara,Roscow,865,185
893,Bat,Refford,659,482
894,Lay,Pakenham,831,391
895,Roi,Rizzillo,705,992
896,Granny,Joney,633,19
897,Karlan,Gallacher,697,927
898,Oralle,Nicholl,337,53
899,Sherwynd,Colhoun,752,219
900,Chanda,Megson,630,553
901,Donnell,Johananoff,943,898
902,Padget,Phlipon,627,151
903,Adan,Mepsted,269,161
904,Domingo,Kingscott,282,317
905,Tallia,Jaqueminet,652,737
906,Homer,Hugenin,303,981
907,Bartel,Farthing,134,317
908,Sheelah,Elfes,505,281
909,Bing,Douberday,720,801
910,Elvera,Hanhardt,867,351
911,Nikoletta,Pheasey,213,565
912,Geralda,Temple,355,951
913,Mira,Knottley,447,72
914,Ariella,Deport,108,611
915,Clerissa,Orthmann,813,647
916,Nikolos,Beckett,992,128
917,Christina,Mallinson,587,382
918,Gunar,Vaud,121,447
919,Hashim,Ninnoli,563,567
920,Tamma,Poytheras,372,213
921,Andrej,Tinghill,761,185
922,Doreen,Pallasch,513,919
923,Jen,McLaverty,741,404
924,Jammie,Mingaye,643,768
925,Keefe,Djordjevic,928,584
926,Anthia,McCadden,593,616
927,Kasey,Reitenbach,556,216
928,Daloris,Birkby,877,737
929,Brantley,Gawler,449,452
930,Enrico,Braddick,857,157
931,Rurik,Morrott,381,773
932,Hilda,Yeeles,223,679
933,Randy,Kettlesting,138,262
934,Brant,Simonsson,637,93
935,Doris,Gregorace,760,427
936,Ferne,Danilchik,250,30
937,Kristal,Mellanby,790,968
938,Lynnet,Eyers,931,34
939,Marsha,Taylot,192,810
940,Anett,Woodford,310,50
941,Erl,Lalley,206,64
942,Karlie,Jopke,702,428
943,Maridel,Barneveld,855,796
944,Jeth,MacMaster,592,611
945,Verge,Este,182,380
946,Pandora,Duckerin,384,159
947,Lamar,Coskerry,304,890
948,Lindsay,Whillock,759,625
949,Hendrik,Vidineev,191,494
950,Nikki,Shaves,831,107
951,Jayme,Linguard,198,812
952,Berta,Osment,277,51
953,Neda,Leven,237,828
954,Claribel,Bagley,345,761
955,Cristie,Havvock,604,891
956,Clywd,Pring,291,672
957,Serene,McLafferty,953,863
958,Melli,Sizland,653,327
959,Cordelia,Dionsetto,813,907
960,Jeniffer,Courson,907,889
961,Corilla,Statefield,721,513
962,Karon,Hagley,908,546
963,Esta,Kmicicki,563,177
964,Mirilla,Grigg,348,750
965,Elna,Ripon,205,801
966,Clementius,Sara,317,185
967,Carilyn,McSperrin,923,126
968,Simonne,Haliburn,779,981
969,Tony,Formoy,147,456
970,Carmelle,Daughton,320,467
971,Aleta,Durtnel,910,185
972,Brita,Theml,572,420
973,Orin,Tansly,113,548
974,Debby,Lockner,914,850
975,Elmore,Beynon,663,258
976,Marya,Beinke,858,282
977,Ida,Trusslove,822,592
978,Sylas,Panons,965,192
979,Trudie,Casillas,690,757
980,Belle,Kighly,454,543
981,Camille,O'Scollain,146,149
982,Elyssa,Macak,366,993
983,Celina,Abramovitz,196,565
984,Ceciley,Blaxley,307,886
985,Eveleen,Benoist,978,476
986,Toby,Lightbown,780,801
987,Holly,Burt,217,565
988,Garret,Champley,788,40
989,Celeste,Kender,525,92
990,Jennette,Dibner,628,346
991,Nicolis,Bolstridge,345,577
992,Wiley,Walewski,619,328
993,Johnnie,Dearman,297,236
994,Alexandro,Sondon,645,185
995,Judye,Wollen,661,529
996,Jens,Farbrace,117,87
997,Orelle,Crinage,968,266
998,Babs,Skrine,249,523
999,Zachariah,Duddridge,261,246
1000,Raimund,Ollivier,209,185
